[{
  "_id": {
    "$oid": "668fcd30e2c845ec592f2c21"
  },
  "name": "Lohith",
  "email": "lohith@gm.co",
  "age": "20",
  "salary": "20000",
  "department": "Electricity",
  "office": "Kumarswamy Layout",
  "password": "555"
},
{
  "_id": {
    "$oid": "66902d5e90e9fed3a9bb7998"
  },
  "name": "Khan",
  "email": "khan@gm.co",
  "age": "20",
  "salary": "50000",
  "department": "Water",
  "office": "Banashankari",
  "password": "123"
},
{
  "_id": {
    "$oid": "6690c8c206dc1965b53ffaca"
  },
  "name": "Syed Ashraf",
  "email": "syed@gm.co",
  "age": "20",
  "salary": "30000",
  "department": "Electricity",
  "office": "Banashankari",
  "password": "017"
},
{
  "_id": {
    "$oid": "6690fbb63d32daff590bf7fe"
  },
  "name": "Naman",
  "email": "naman@gm.co",
  "age": "20",
  "salary": "20000",
  "department": "Road",
  "office": "Kumarswamy Layout",
  "password": "555"
}]