[{
  "_id": {
    "$oid": "668fd2f3f4060b9648748183"
  },
  "name": "V V S Lohith",
  "username": "vvslohith",
  "password": "1234",
  "email": "vvs@gmail.com",
  "phno": "9999999999",
  "address": "in college",
  "__v": 0
},
{
  "_id": {
    "$oid": "669030b7e7a3d0a0d3ff21a8"
  },
  "name": "Naman Mehta",
  "username": "Naman",
  "password": "321",
  "email": "naman@gm.co",
  "phno": "8908908900",
  "address": "Banashankari",
  "__v": 0
},
{
  "_id": {
    "$oid": "6690a9b8cbf05f40368267d1"
  },
  "name": "Syed Ashraf Gufran",
  "username": "sags",
  "password": "1234",
  "email": "ash@gmail.com",
  "phno": "8888888888",
  "address": "jpnagar",
  "__v": 0
},
{
  "_id": {
    "$oid": "6690b7023d48cff4113c1c69"
  },
  "name": "naman",
  "username": "namanmehta",
  "password": "1234",
  "email": "yaseen@gm.co",
  "phno": "9121013784",
  "address": "blr",
  "__v": 0
},
{
  "_id": {
    "$oid": "6690c13df554b5009cc56cf3"
  },
  "name": "Ashraf ",
  "username": "Ash",
  "password": "222",
  "email": "ashu@gm.co",
  "phno": "222",
  "address": "banashankari",
  "__v": 0
},
{
  "_id": {
    "$oid": "66910895e69abebad18c8fd3"
  },
  "name": "uttkarsh",
  "username": "Uttkarsh",
  "password": "098",
  "email": "uttkarsh@gm.co",
  "phno": "1234567890",
  "address": "Kumarswamy Layout",
  "__v": 0
}]