[{
  "_id": {
    "$oid": "668fce2af4060b9648748177"
  },
  "name": "yaseen",
  "username": "YaseenKhan",
  "email": "yaseen@gm.co",
  "phno": {
    "$numberLong": "9121013784"
  },
  "area": "Kumarswamy Layout",
  "problemtype": "Electricity",
  "description": "Electricity problem from 2 days",
  "progress": "In Progress",
  "date": {
    "$date": "2024-07-11T12:20:58.129Z"
  },
  "__v": 0
},
{
  "_id": {
    "$oid": "6690311ce7a3d0a0d3ff21ab"
  },
  "name": "Naman Mehta",
  "username": "Naman",
  "email": "naman@gm.co",
  "phno": {
    "$numberLong": "8908908900"
  },
  "area": "Banashankari",
  "problemtype": "Water",
  "description": "sfaf weofo ewijrow ",
  "progress": "Completed",
  "date": {
    "$date": "2024-07-11T19:23:08.302Z"
  },
  "__v": 0
},
{
  "_id": {
    "$oid": "6690a7cccbf05f40368267cb"
  },
  "name": "V V S Lohith",
  "username": "vvslohith",
  "email": "vvs@gmail.com",
  "phno": {
    "$numberLong": "9999999999"
  },
  "area": "Kumaraswamy Layout",
  "problemtype": "Water",
  "description": "Water Problem",
  "progress": "Not Started",
  "date": {
    "$date": "2024-07-12T03:49:32.035Z"
  },
  "__v": 0
},
{
  "_id": {
    "$oid": "6690c285f554b5009cc56d0a"
  },
  "name": "Ashraf ",
  "username": "Ash",
  "email": "ashu@gm.co",
  "phno": 222,
  "area": "Banashankari",
  "problemtype": "Water",
  "description": "no water",
  "progress": "Rejected",
  "date": {
    "$date": "2024-07-12T05:43:33.972Z"
  },
  "__v": 0
},
{
  "_id": {
    "$oid": "6690c7532514441ad2420d2f"
  },
  "name": "naman",
  "username": "namanmehta",
  "email": "yaseen@gm.co",
  "phno": {
    "$numberLong": "9121013784"
  },
  "area": "Banashankari",
  "problemtype": "Electricity",
  "description": "no elec",
  "progress": "Not Started",
  "date": {
    "$date": "2024-07-12T06:04:03.226Z"
  },
  "__v": 0
},
{
  "_id": {
    "$oid": "6690c81b2514441ad2420d42"
  },
  "name": "naman",
  "username": "namanmehta",
  "email": "yaseen@gm.co",
  "phno": {
    "$numberLong": "9121013784"
  },
  "area": "Kumarswamy Layout",
  "problemtype": "Electricity",
  "description": "no electricity from 5 days",
  "progress": "Not Started",
  "date": {
    "$date": "2024-07-12T06:07:23.972Z"
  },
  "__v": 0
},
{
  "_id": {
    "$oid": "6690c9ab2514441ad2420d57"
  },
  "name": "naman",
  "username": "namanmehta",
  "email": "yaseen@gm.co",
  "phno": {
    "$numberLong": "9121013784"
  },
  "area": "Banashankari",
  "problemtype": "Electricity",
  "description": "current needd",
  "progress": "In Progress",
  "date": {
    "$date": "2024-07-12T06:14:03.248Z"
  },
  "__v": 0
},
{
  "_id": {
    "$oid": "6690ede1b32cb49eb71432ac"
  },
  "name": "V V S Lohith",
  "username": "vvslohith",
  "email": "vvs@gmail.com",
  "phno": {
    "$numberLong": "9999999999"
  },
  "area": "Banashankari",
  "problemtype": "Electricity",
  "description": "Electricity problem",
  "progress": "Completed",
  "date": {
    "$date": "2024-07-12T08:48:33.232Z"
  },
  "__v": 0
},
{
  "_id": {
    "$oid": "6690edf5b32cb49eb71432af"
  },
  "name": "V V S Lohith",
  "username": "vvslohith",
  "email": "vvs@gmail.com",
  "phno": {
    "$numberLong": "9999999999"
  },
  "area": "Jayanagar",
  "problemtype": "Road",
  "description": "Road travel issue",
  "progress": "Not Started",
  "date": {
    "$date": "2024-07-12T08:48:53.717Z"
  },
  "__v": 0
},
{
  "_id": {
    "$oid": "669108c0e69abebad18c8fd7"
  },
  "name": "uttkarsh",
  "username": "Uttkarsh",
  "email": "uttkarsh@gm.co",
  "phno": 1234567890,
  "area": "Banashankari",
  "problemtype": "Water",
  "description": "no water",
  "progress": "Not Started",
  "date": {
    "$date": "2024-07-12T10:43:12.048Z"
  },
  "__v": 0
},
{
  "_id": {
    "$oid": "66a9ddac6557098c4e2719a9"
  },
  "name": "V V S Lohith",
  "username": "vvslohith",
  "email": "vvs@gmail.com",
  "phno": {
    "$numberLong": "9999999999"
  },
  "area": "KRpuram",
  "problemtype": "Road",
  "description": "Road Problem",
  "progress": "Not Started",
  "date": {
    "$date": "2024-07-12T03:49:32.035Z"
  },
  "__v": 0
}]